{"hp": [333, 338, 386, 132, 45, 45, 338, 215, 257, 157, 315, 226, 208, 337, 377, 302, 220, 1, 23, 266, 64, 181, 65, 369, 153, 346, 399, 82, 263, 24, 307, 156, 192, 142, 158, 318, 25, 64, 337, 192, 226, 266, 1, 192, 142, 142, 27, 16, 306, 50, 152, 50, 50, 210, 152, 377, 399, 399, 27, 16, 27, 16, 302, 23, 23, 307, 16, 399, 16, 16, 16, 16, 16, 16, 16, 16, 399, 399, 399, 399, 399, 399, 399, 399, 16, 16, 16, 16, 16, 16, 16, 16, 16, 16, 399, 399, 399, 399, 399, 399, 399, 399, 399, 399, 16, 16, 16, 16, 16, 16, 16, 16, 16], "scores": [0.0, 0.1245859872611465, 0.0, 0.0, 0.9961783439490446, 0.0, 0.9724840764331211, 0.0, 0.0807643312101911, 0.06063694267515924, 0.05834394903486701, 0.24993630573248407, 0.10420382165605097, 0.26292993630573247, 0.5821656050955414, 0.9842038216560508, 0.9587261148051851, 0.17503184713375794, 0.984968152866242, 0.21528662420382166, 0.177324840842083, 0.6988535031847134, 0.0, 0.9271337579617834, 0.9946496815286623, 0.9783439490445861, 0.8208917199007266, 0.0, 0.10063694267515924, 0.0, 0.9760509554140129, 0.0, 0.25019108280254776, 0.1278980891719745, 0.0, 0.0, 0.1997452229299363, 0.700127388496156, 0.9250955414012739, 0.2743949044585987, 0.9969426751592357, 0.3910828025380517, 0.98828025477707, 0.30853503184713377, 0.19286624203821656, 0.3263694267515923, 0.9510828025477709, 0.9933757961783439, 0.9892993630573248, 0.13859872611464968, 0.10496815286624203, 0.26904458598726116, 0.4698089171974522, 0.0, 0.9803821656050955, 0.8364331210191083, 0.9187261146496816, 0.9533757961783439, 0.9434394904458598, 0.9956687898089172, 0.9454777070063695, 0.9971974522292993, 0.9872611464968153, 0.9870063694267516, 0.9859872611464968, 0.9829299363057324, 0.9974522292993631, 0.9615286624203822, 0.9979617834394904, 0.9979617834394904, 0.9979617834394904, 0.9979617834394904, 0.9982165605095541, 0.9982165605095541, 0.9982165605095541, 0.9982165605095541, 0.9661146496815287, 0.9707006369426752, 0.9699363057324841, 0.9755414012738853, 0.9735031847133757, 0.9788535031847134, 0.9765605095541402, 0.9798726114649682, 0.9984713375796178, 0.9984713375796178, 0.9984713375796178, 0.9984713375796178, 0.9984713375796178, 0.9984713375796178, 0.9987261146496816, 0.9987261146496816, 0.9987261146496816, 0.9987261146496816, 0.9778343949044586, 0.9806369426751593, 0.9798726114649682, 0.9821656050955414, 0.9814012738853504, 0.9803821656050955, 0.981656050955414, 0.9821656050955414, 0.9798726114649682, 0.9819108280254777, 0.9987261146496816, 0.9987261146496816, 0.9987261146496816, 0.9987261146496816, 0.9987261146496816, 0.9987261146496816, 0.9987261146496816, 0.9987261146496816, 0.9987261146496816], "curve": [0.0, 0.1245859872611465, 0.1245859872611465, 0.1245859872611465, 0.9961783439490446, 0.9961783439490446, 0.9961783439490446, 0.9961783439490446, 0.9961783439490446, 0.9961783439490446, 0.9961783439490446, 0.9961783439490446, 0.9961783439490446, 0.9961783439490446, 0.9961783439490446, 0.9961783439490446, 0.9961783439490446, 0.9961783439490446, 0.9961783439490446, 0.9961783439490446, 0.9961783439490446, 0.9961783439490446, 0.9961783439490446, 0.9961783439490446, 0.9961783439490446, 0.9961783439490446, 0.9961783439490446, 0.9961783439490446, 0.9961783439490446, 0.9961783439490446, 0.9961783439490446, 0.9961783439490446, 0.9961783439490446, 0.9961783439490446, 0.9961783439490446, 0.9961783439490446, 0.9961783439490446, 0.9961783439490446, 0.9961783439490446, 0.9961783439490446, 0.9969426751592357, 0.9969426751592357, 0.9969426751592357, 0.9969426751592357, 0.9969426751592357, 0.9969426751592357, 0.9969426751592357, 0.9969426751592357, 0.9969426751592357, 0.9969426751592357, 0.9969426751592357, 0.9969426751592357, 0.9969426751592357, 0.9969426751592357, 0.9969426751592357, 0.9969426751592357, 0.9969426751592357, 0.9969426751592357, 0.9969426751592357, 0.9969426751592357, 0.9969426751592357, 0.9971974522292993, 0.9971974522292993, 0.9971974522292993, 0.9971974522292993, 0.9971974522292993, 0.9974522292993631, 0.9974522292993631, 0.9979617834394904, 0.9979617834394904, 0.9979617834394904, 0.9979617834394904, 0.9982165605095541, 0.9982165605095541, 0.9982165605095541, 0.9982165605095541, 0.9982165605095541, 0.9982165605095541, 0.9982165605095541, 0.9982165605095541, 0.9982165605095541, 0.9982165605095541, 0.9982165605095541, 0.9982165605095541, 0.9984713375796178, 0.9984713375796178, 0.9984713375796178, 0.9984713375796178, 0.9984713375796178, 0.9984713375796178, 0.9987261146496816, 0.9987261146496816, 0.9987261146496816, 0.9987261146496816, 0.9987261146496816, 0.9987261146496816, 0.9987261146496816, 0.9987261146496816, 0.9987261146496816, 0.9987261146496816, 0.9987261146496816, 0.9987261146496816, 0.9987261146496816, 0.9987261146496816, 0.9987261146496816, 0.9987261146496816, 0.9987261146496816, 0.9987261146496816, 0.9987261146496816, 0.9987261146496816, 0.9987261146496816, 0.9987261146496816, 0.9987261146496816], "epochs": [1, 1, 1, 1, 1, 2, 2, 1, 1, 1, 1, 1, 1, 1, 1, 1, 1, 1, 1, 1, 1, 1, 1, 1, 1, 1, 1, 1, 1, 1, 1, 1, 1, 1, 1, 1, 1, 2, 2, 2, 2, 2, 2, 3, 2, 3, 1, 1, 1, 1, 1, 2, 3, 1, 2, 2, 2, 3, 2, 2, 3, 3, 2, 2, 3, 2, 4, 4, 5, 6, 7, 8, 9, 10, 11, 12, 5, 6, 7, 8, 9, 10, 11, 12, 13, 14, 15, 16, 17, 18, 19, 20, 21, 22, 13, 14, 15, 16, 17, 18, 19, 20, 21, 22, 23, 24, 25, 26, 27, 28, 29, 30, 31], "overhead": [0.030195236206054688, 8.118102312088013, 9.458776473999023, 6.407942533493042, 12.464893341064453, 8.65593671798706, 9.430076360702515, 8.666286945343018, 9.652601480484009, 9.526074647903442, 0.5744471549987793, 0.5757625102996826, 0.5511527061462402, 0.5568208694458008, 0.5264813899993896, 0.5063378810882568, 0.6467874050140381, 0.6182935237884521, 0.6411314010620117, 0.5846600532531738, 0.5024986267089844, 0.5609095096588135, 0.6054348945617676, 0.5471117496490479, 0.5197596549987793, 0.5838017463684082, 0.6110935211181641, 0.6474869251251221, 0.6367216110229492, 0.6400952339172363, 0.5919938087463379, 0.5677061080932617, 0.5984008312225342, 0.6145403385162354, 0.7237622737884521, 0.5775771141052246, 0.6268477439880371, 0.632972240447998, 0.5677826404571533, 0.5907816886901855, 0.7219090461730957, 0.6141080856323242, 0.4397146701812744, 0.644371509552002, 0.4319891929626465, 0.5844714641571045, 0.5894482135772705, 0.7125208377838135, 0.5052242279052734, 0.5700719356536865, 0.7048673629760742, 0.5146183967590332, 0.43362927436828613, 0.6028709411621094, 0.5249791145324707, 0.6285312175750732, 0.5400693416595459, 0.7280290126800537, 0.5047717094421387, 0.6734797954559326, 0.5745322704315186, 0.6991682052612305, 0.6582658290863037, 0.6170048713684082, 0.4868326187133789, 0.6021952629089355, 0.6674354076385498, 0.6777968406677246, 0.6769094467163086, 0.6784489154815674, 0.6834731101989746, 0.670093297958374, 0.6402957439422607, 0.6742172241210938, 0.4835517406463623, 0.47476983070373535, 0.5478527545928955, 0.61434006690979, 0.6244802474975586, 0.6877970695495605, 0.5942375659942627, 0.6828217506408691, 0.5978260040283203, 0.7013025283813477, 0.6677300930023193, 0.7166924476623535, 0.6439480781555176, 0.7101354598999023, 0.6765120029449463, 0.672877311706543, 0.6560354232788086, 0.6510770320892334, 0.6482489109039307, 0.7377192974090576, 0.6818723678588867, 0.5128495693206787, 0.6698908805847168, 0.6622910499572754, 0.6820225715637207, 0.5966973304748535, 0.6699740886688232, 0.6144933700561523, 0.5143067836761475, 0.5738925933837891, 0.629105806350708, 0.6756525039672852, 0.6756391525268555, 0.667604923248291, 0.6918807029724121, 0.6715676784515381, 0.679452657699585, 0.6776659488677979, 0.6210465431213379]}