{"hp": [333, 138, 195, 325, 34, 148, 332], "scores": [0.0, 0.0, 0.0, 0.0, 0.0, 0.0, 0.0], "curve": [0.0, 0.0, 0.0, 0.0, 0.0, 0.0, 0.0], "epochs": [1, 1, 1, 1, 1, 1, 1], "overhead": [0.0719146728515625, 26.34753727912903, 25.214802742004395, 24.02978205680847, 24.529152631759644, 24.098669290542603, 24.855088472366333]}