{"micro": {"mtlbm_micro_set0_BCT": 2036057.2800865173, "mtlbm_micro_set0_BRD": 1951846.977859497, "mtlbm_micro_set0_CRS": 1961080.2143096924, "mtlbm_micro_set0_FLW": 1945573.984199524, "mtlbm_micro_set0_MD_MIX": 1932271.27286911, "mtlbm_micro_set0_PLK": 1940281.6096343994, "mtlbm_micro_set0_PLT_VIL": 1943152.674407959, "mtlbm_micro_set0_RESISC": 1942679.4348220825, "mtlbm_micro_set0_SPT": 1966458.3595848083, "mtlbm_micro_set0_TEX": 1874155.0261116028, "mtlbm_micro_set1_ACT_40": 1938893.6264190674, "mtlbm_micro_set1_APL": 1943748.6791381836, "mtlbm_micro_set1_DOG": 1937283.36252594, "mtlbm_micro_set1_INS_2": 1912694.5342712402, "mtlbm_micro_set1_MD_5_BIS": 1964059.4261169434, "mtlbm_micro_set1_MED_LF": 1958465.1078529358, "mtlbm_micro_set1_PLT_NET": 1874550.71011734, "mtlbm_micro_set1_PNU": 1910904.487449646, "mtlbm_micro_set1_RSICB": 1936333.2350463867, "mtlbm_micro_set1_TEX_DTD": 1935289.588634491, "mtlbm_micro_set2_ACT_410": 1945078.3447151184, "mtlbm_micro_set2_AWA": 1938880.8489990234, "mtlbm_micro_set2_BTS": 1942847.1912117004, "mtlbm_micro_set2_FNG": 1945717.5382003784, "mtlbm_micro_set2_INS": 1950629.457309723, "mtlbm_micro_set2_MD_6": 1944539.3153686523, "mtlbm_micro_set2_PLT_DOC": 1954095.1734580994, "mtlbm_micro_set2_PRT": 1961985.7309455872, "mtlbm_micro_set2_RSD": 1964181.4896583557, "mtlbm_micro_set2_TEX_ALOT": 1968136.4868164062}, "mini": {"mtlbm_mini_set0_BCT": 1984810.6631469727, "mtlbm_mini_set0_BRD": 4081870.086496353, "mtlbm_mini_set0_CRS": 4100356.364868164, "mtlbm_mini_set0_FLW": 4133798.124452591, "mtlbm_mini_set0_MD_MIX": 4141843.5321979523, "mtlbm_mini_set0_PLK": 2140997.212978363, "mtlbm_mini_set0_PLT_VIL": 1898793.7355690002, "mtlbm_mini_set0_RESISC": 1947778.8419837952, "mtlbm_mini_set0_SPT": 2012341.1256408691, "mtlbm_mini_set0_TEX": 1999568.5622634888, "mtlbm_mini_set1_ACT_40": 1980960.9412193298, "mtlbm_mini_set1_APL": 1943306.9996566772, "mtlbm_mini_set1_DOG": 3943033.524456024, "mtlbm_mini_set1_INS_2": 4137185.855237961, "mtlbm_mini_set1_MD_5_BIS": 4029390.9184684753, "mtlbm_mini_set1_MED_LF": 1961395.3856277466, "mtlbm_mini_set1_PLT_NET": 1963903.9659576416, "mtlbm_mini_set1_PNU": 1943881.3084373474, "mtlbm_mini_set1_RSICB": 2001422.6504974365, "mtlbm_mini_set1_TEX_DTD": 1997120.180053711, "mtlbm_mini_set2_ACT_410": 1978381.8239250183, "mtlbm_mini_set2_AWA": 2008744.3020401, "mtlbm_mini_set2_BTS": 1985057.4682044983, "mtlbm_mini_set2_FNG": 2007816.7420806885, "mtlbm_mini_set2_INS": 4126575.378129959, "mtlbm_mini_set2_MD_6": 3878641.9531059265, "mtlbm_mini_set2_PLT_DOC": 2021101.244304657, "mtlbm_mini_set2_PRT": 2043710.3410720825, "mtlbm_mini_set2_RSD": 1940745.634300232, "mtlbm_mini_set2_TEX_ALOT": 4070584.4058437347}, "extended": {"mtlbm_extended_set0_BCT": 4095761.9466075897, "mtlbm_extended_set0_BRD": 0, "mtlbm_extended_set0_CRS": 4136488.239961624, "mtlbm_extended_set0_FLW": 4051981.509824753, "mtlbm_extended_set0_MD_MIX": 0, "mtlbm_extended_set0_PLK": 0, "mtlbm_extended_set0_PLT_VIL": 0, "mtlbm_extended_set0_RESISC": 4087889.3901729584, "mtlbm_extended_set0_SPT": 4065852.9231147766, "mtlbm_extended_set0_TEX": 4110889.621324539, "mtlbm_extended_set1_ACT_40": 2071217.8090438843, "mtlbm_extended_set1_APL": 3922101.6280174255, "mtlbm_extended_set1_DOG": 4141229.4762325287, "mtlbm_extended_set1_INS_2": 0, "mtlbm_extended_set1_MD_5_BIS": 0, "mtlbm_extended_set1_MED_LF": 4175241.1242313385, "mtlbm_extended_set1_PLT_NET": 0, "mtlbm_extended_set1_PNU": 4084976.0409622192, "mtlbm_extended_set1_RSICB": 0, "mtlbm_extended_set1_TEX_DTD": 4117394.377407074, "mtlbm_extended_set2_ACT_410": 2168494.7546081543, "mtlbm_extended_set2_AWA": 0, "mtlbm_extended_set2_BTS": 0, "mtlbm_extended_set2_FNG": 3912203.619152069, "mtlbm_extended_set2_INS": 0, "mtlbm_extended_set2_MD_6": 0, "mtlbm_extended_set2_PLT_DOC": 1962036.0996780396, "mtlbm_extended_set2_PRT": 4063812.2996063232, "mtlbm_extended_set2_RSD": 0, "mtlbm_extended_set2_TEX_ALOT": 0}}